{
  "Carregamento": {
    "valores": [
      2.316666666666667,
      7.983333333333333,
      3.816666666666667,
      7.533333333333333,
      3.4833333333333334,
      4.366666666666666,
      2.216666666666667,
      2.5833333333333335,
      1.9333333333333333,
      2.433333333333333,
      2.4,
      2.216666666666667,
      2.6,
      2.6,
      4.4,
      2.85,
      1.9833333333333334,
      2.4833333333333334,
      3.4833333333333334,
      5.05,
      2.9833333333333334,
      3.35,
      3.4,
      5.033333333333333,
      2.65,
      4.583333333333333,
      3.2666666666666666,
      4.166666666666667,
      6.2,
      4.433333333333334,
      5.466666666666667,
      4.216666666666667,
      6.433333333333334,
      4.933333333333334,
      5.116666666666666,
      3.6333333333333333,
      4.533333333333333,
      2.7,
      2.3833333333333333,
      4.783333333333333,
      2.183333333333333,
      3.4833333333333334,
      3.2666666666666666,
      6.916666666666667,
      5.95,
      8.766666666666667
    ],
    "media": 3.9905797101449276,
    "mediana": 3.4833333333333334,
    "std": 1.6849466129723008,
    "min": 1.9333333333333333,
    "max": 8.766666666666667,
    "n": 46,
    "unidade": "min",
    "cor": "#4CAF50"
  },
  "Desloc. Carregado": {
    "valores": [
      6.254823523584936,
      6.262502797049698,
      6.0683734935675595,
      5.195072858535572,
      5.055309668142157,
      5.333003382361622,
      5.571316042028013,
      5.211482236913191,
      5.024256821785866,
      5.399195421257721,
      5.0708112777921315,
      5.028520788735205,
      5.074285296218639,
      5.133668195176082,
      4.874450978020342,
      4.937994664006672,
      4.58466725793898,
      5.116976621514222,
      4.90570453607286,
      5.205502671419811,
      5.7660292966737865,
      5.7091734146979185,
      5.120212021206899,
      5.148798934883031,
      5.095844236595574,
      5.758137093863341,
      5.29048910886157,
      5.318425435971643,
      4.798097757056052,
      5.253182271451282,
      4.912523127245336,
      13.659849223130022,
      4.705642967629753,
      4.61891381041052,
      4.576552970134403,
      4.42961883460645,
      4.624305397977535,
      4.556283490719844,
      4.512773443568554,
      4.892049388716199,
      5.12869619248681,
      5.124923587130889,
      5.254848980440568,
      4.932895028685175,
      7.763341290077649,
      6.612795378509738
    ],
    "media": 5.410267852496779,
    "mediana": 5.122567804168893,
    "std": 1.384038777354137,
    "min": 4.42961883460645,
    "max": 13.659849223130022,
    "n": 46,
    "unidade": "min/km",
    "cor": "#2196F3"
  },
  "Basculamento": {
    "valores": [
      1.75,
      2.6166666666666667,
      1.9833333333333334,
      1.1333333333333333,
      1.7,
      1.4666666666666666,
      1.3,
      1.4333333333333333,
      1.25,
      1.3,
      1.1166666666666667,
      1.05,
      1.2,
      1.5833333333333333,
      1.8166666666666667,
      1.9,
      1.3166666666666667,
      1.05,
      1.0,
      1.2333333333333334,
      1.5,
      1.4166666666666667,
      1.0333333333333334,
      0.9,
      1.0,
      0.5333333333333333,
      1.0666666666666667,
      1.1166666666666667,
      1.5666666666666667,
      1.3666666666666667,
      1.35,
      1.3666666666666667,
      2.05,
      1.7333333333333334,
      1.1833333333333333,
      1.1666666666666667,
      1.2,
      1.0666666666666667,
      1.05,
      0.8333333333333334,
      0.9666666666666667,
      1.4333333333333333,
      1.4166666666666667,
      2.3833333333333333,
      0.2,
      0.0
    ],
    "media": 1.306521739130435,
    "mediana": 1.275,
    "std": 0.4733578274944247,
    "min": 0.0,
    "max": 2.6166666666666667,
    "n": 46,
    "unidade": "min",
    "cor": "#FF9800"
  },
  "Desloc. Vazio": {
    "valores": [
      20.78079495823487,
      3.6939866860437762,
      5.615809888007345,
      3.227516636819282,
      2.6856380575307095,
      2.5698248114599904,
      2.6983816968716337,
      2.8351439944131562,
      2.480414360199119,
      2.5073578427184384,
      2.5346176257257698,
      2.620303099133271,
      3.0173435149686134,
      8.030797081092246,
      12.6299660023284,
      2.69531946059878,
      2.912413102856119,
      2.9335024282161335,
      2.996789080107928,
      4.615431827644195,
      2.864561544708718,
      3.2312667249998652,
      2.613232372675708,
      3.6114449745660107,
      5.410904906214277,
      2.6584800029231364,
      5.569269691716293,
      3.053412281751467,
      2.816970090549702,
      2.7056505812604823,
      3.1610334297649914,
      2.3695567501237864,
      2.6768396722637244,
      3.376577681967066,
      4.684324003401115,
      2.654409259408436,
      2.6180262562861194,
      2.4880901730176506,
      2.6473968412112363,
      10.008049382489022,
      2.940610382739135,
      11.364671304195625,
      3.144769149589049,
      7.173462264420607,
      13.49264039533283,
      32.5149991595294
    ],
    "media": 5.128956552871201,
    "mediana": 2.9686997314235315,
    "std": 5.52214782915644,
    "min": 2.3695567501237864,
    "max": 32.5149991595294,
    "n": 46,
    "unidade": "min/km",
    "cor": "#E91E63"
  }
}