{
  "Carregamento": {
    "valores": [
      2.316666666666667,
      7.983333333333333,
      3.816666666666667,
      7.533333333333333,
      3.4833333333333334,
      4.366666666666666,
      2.216666666666667,
      2.5833333333333335,
      1.9333333333333333,
      2.433333333333333,
      2.4,
      2.216666666666667,
      2.6,
      2.6,
      4.4,
      2.85,
      1.9833333333333334,
      2.4833333333333334,
      3.4833333333333334,
      5.05,
      2.9833333333333334,
      3.35,
      3.4,
      5.033333333333333,
      2.65,
      4.583333333333333,
      8.816666666666666,
      4.166666666666667,
      6.2,
      4.433333333333334,
      5.466666666666667,
      4.216666666666667,
      6.433333333333334,
      8.4,
      5.116666666666666,
      3.6333333333333333,
      4.533333333333333,
      2.7,
      2.3833333333333333,
      4.783333333333333,
      2.183333333333333,
      3.4833333333333334,
      3.2666666666666666,
      6.916666666666667,
      5.95,
      17.833333333333332
    ],
    "media": 4.383695652173913,
    "mediana": 3.5583333333333336,
    "std": 2.6815807786807007,
    "min": 1.9333333333333333,
    "max": 17.833333333333332,
    "n": 46,
    "unidade": "min",
    "cor": "#4CAF50"
  },
  "Desloc. Carregado": {
    "valores": [
      6.259259259259259,
      6.268656716417911,
      6.070998796630565,
      5.198412698412698,
      5.047393364928911,
      5.323854660347552,
      5.5607476635514015,
      5.210355987055015,
      5.015723270440251,
      5.388888888888888,
      5.064102564102564,
      5.023809523809524,
      5.080515297906603,
      5.1375404530744335,
      4.878048780487806,
      4.94281045751634,
      4.579207920792079,
      5.127591706539075,
      4.908333333333333,
      5.194174757281553,
      5.766823161189358,
      5.7025411061285505,
      5.132013201320132,
      5.156765676567656,
      5.097560975609756,
      5.758928571428571,
      5.294117647058823,
      5.313531353135313,
      4.808333333333334,
      5.241666666666666,
      4.901477832512316,
      13.674796747967482,
      4.711221122112212,
      4.622331691297209,
      4.585406301824213,
      4.422442244224422,
      4.616666666666666,
      4.550653594771242,
      4.512012012012012,
      4.887820512820513,
      5.126382306477093,
      5.130081300813009,
      5.242566510172144,
      4.938271604938272,
      7.769784172661872,
      6.603053435114504
    ],
    "media": 5.4097320836869365,
    "mediana": 5.128836503676042,
    "std": 1.3711548230222244,
    "min": 4.422442244224422,
    "max": 13.674796747967482,
    "n": 46,
    "unidade": "min/km",
    "cor": "#2196F3"
  },
  "Basculamento": {
    "valores": [
      1.75,
      2.6166666666666667,
      1.9833333333333334,
      1.1333333333333333,
      1.7,
      1.4666666666666666,
      1.3,
      1.4333333333333333,
      1.25,
      1.3,
      1.1166666666666667,
      1.05,
      1.2,
      1.5833333333333333,
      1.8166666666666667,
      1.9,
      1.3166666666666667,
      1.05,
      1.0,
      1.2333333333333334,
      1.5,
      4.166666666666667,
      1.0333333333333334,
      4.266666666666667,
      1.0,
      4.266666666666667,
      1.0666666666666667,
      1.1166666666666667,
      1.5666666666666667,
      1.3666666666666667,
      1.35,
      1.3666666666666667,
      2.05,
      1.7333333333333334,
      4.266666666666667,
      1.1666666666666667,
      1.2,
      1.0666666666666667,
      1.05,
      4.266666666666667,
      0.9666666666666667,
      1.4333333333333333,
      1.4166666666666667,
      4.266666666666667,
      3.933333333333333,
      4.266666666666667
    ],
    "media": 1.8771739130434784,
    "mediana": 1.3916666666666666,
    "std": 1.1195256430320957,
    "min": 0.9666666666666667,
    "max": 4.266666666666667,
    "n": 46,
    "unidade": "min",
    "cor": "#FF9800"
  },
  "Desloc. Vazio": {
    "valores": [
      20.796296296296294,
      3.6984687868080095,
      5.6118721461187215,
      3.2227488151658767,
      2.6804915514592933,
      2.566510172143975,
      2.6953748006379588,
      2.8365384615384617,
      2.4766355140186915,
      2.5078616352201255,
      2.535885167464115,
      2.6201923076923075,
      3.014354066985646,
      8.03370786516854,
      12.629504504504505,
      2.6972624798711755,
      2.908805031446541,
      2.936893203883495,
      3.0,
      4.619741100323625,
      2.866362946089598,
      3.2300884955752216,
      2.61437908496732,
      3.6151368760064417,
      5.418719211822661,
      2.655763239875389,
      5.566188197767145,
      3.0501618122977345,
      2.8124999999999996,
      2.7051926298157456,
      3.15359477124183,
      2.3701842546063654,
      2.673434856175973,
      3.3821138211382116,
      4.691056910569106,
      2.6537216828478964,
      2.623762376237624,
      2.4836601307189543,
      2.641509433962264,
      9.99457111834962,
      2.946287519747236,
      11.38486312399356,
      3.1481481481481484,
      7.170462387853692,
      13.490566037735848,
      32.94444444444444
    ],
    "media": 5.1386090743203345,
    "mediana": 2.9731437598736177,
    "std": 5.510056402185661,
    "min": 2.3701842546063654,
    "max": 32.94444444444444,
    "n": 46,
    "unidade": "min/km",
    "cor": "#E91E63"
  }
}